Character_ID,Character,Actor,Category,Department/World,Position,Seasons,Bio Seed,Strengths,Weaknesses/Conflicts,Family/Close Ties,Key Relationships,Major Story Areas,Career/Story Arc,Voice/Behavior,Core Traits,TVMaze Appearance Count,Data Depth,Review_Flag
TR-001,John Nolan,Nathan Fillion,Main,LAPD; Mid-Wilshire,Officer → Training Officer → Sergeant,S1–S8,Oldest rookie; divorced father; motivated by a desire to reinvent his life after witnessing a bank robbery.,Life experience; empathy; determination; improvisation,Can be idealistic; sometimes overconfident; emotional investment in cases,Henry Nolan; Bailey Nune,Lucy Chen; Nyla Harper; Wade Grey; Tim Bradford; Angela Lopez,Midlife career change; rookie training; major cases; family and romantic relationships,Bank robbery inspires career; becomes LAPD officer; advances into training/leadership,"Practical, warm, humorous, persistent","Open-minded, resilient, protective",,Detailed bio-ready,
TR-002,Lucy Chen,Melissa O'Neil,Main,LAPD; Mid-Wilshire,Rookie → Officer → Detective,S1–S8,Ambitious officer who grows from rookie to detective and develops a reputation for undercover work.,Observant; empathetic; undercover ability; determined,Can overextend herself; emotionally affected by difficult cases,Tim Bradford; Tamara Colins; family,Tim Bradford; John Nolan; Angela Lopez; Nyla Harper,Rookie years; undercover operations; detective ambitions; relationship with Bradford,Training with Bradford; undercover work; Chenford relationship,"Quick-witted, sincere, increasingly confident","Brave, empathetic, ambitious",,Detailed bio-ready,
TR-003,Angela Lopez,Alyssa Diaz,Main,LAPD; Mid-Wilshire,Training Officer → Detective → Sergeant,S1–S8,"Experienced LAPD officer balancing demanding police work, family, and leadership responsibilities.",Tactical judgment; mentorship; loyalty; investigative skill,Protective instincts can create pressure; work-family conflicts,Wesley Evers; Jack and Elijah Lopez,Wade Grey; Tim Bradford; Lucy Chen; John Nolan; Nyla Harper,Training officers; detective work; marriage; motherhood; promotion,Trains Jackson West; becomes detective and later sergeant; major investigations,"Direct, practical, confident","Loyal, disciplined, protective",,Detailed bio-ready,
TR-004,Tim Bradford,Eric Winter,Main,LAPD; Mid-Wilshire,Training Officer → Sergeant → Lieutenant,S1–S8,Demanding training officer whose rigid professional standards gradually soften as he builds close relationships with colleagues.,Leadership; tactical knowledge; discipline; field experience,Hard on himself and others; struggles with vulnerability,Isabel Bradford; Lucy Chen,Angela Lopez; John Nolan; Wade Grey; Lucy Chen,Training officers; divorce; career advancement; relationship with Chen,Trains Nolan and Chen; becomes sergeant/lieutenant; Chen relationship,"Dry, blunt, controlled","Loyal, protective, demanding",,Detailed bio-ready,
TR-005,Wade Grey,Richard T. Jones,Main,LAPD; Mid-Wilshire,Sergeant → Watch Commander / leadership,S1–S8,Veteran supervisor who combines strict standards with concern for his officers.,Leadership; institutional knowledge; mentorship; crisis management,Can be stern; carries responsibility heavily,Luna Grey; Dominique Grey,Angela Lopez; Tim Bradford; John Nolan,Station leadership; reform debates; family; mentoring,Supervises original rookies; navigates department leadership,"Authoritative, dryly humorous","Protective, principled, dependable",,Detailed bio-ready,
TR-006,Nyla Harper,Mekia Cox,Main,LAPD; Mid-Wilshire,Detective → Training Officer,S2–S8,Former undercover detective who returns to patrol and becomes a training officer while balancing motherhood and dangerous cases.,Undercover expertise; tactical skill; intuition; resilience,Guarded; past undercover work affects trust and relationships,James Murray; Lila and Leah Harper,John Nolan; Angela Lopez; Lucy Chen; Wade Grey,Return to patrol; motherhood; detective work; training Celina,Undercover career; return to patrol; partnership with Nolan,"Blunt, perceptive, confident","Resilient, protective, resourceful",,Detailed bio-ready,
TR-007,Wesley Evers,Shawn Ashmore,Main,Defense attorney / LAPD legal support,Defense Attorney → law-firm partner,S1–S8,Defense attorney whose relationship with Angela connects his legal career to the LAPD world.,Legal knowledge; negotiation; empathy; persistence,Can be impulsive when family is threatened,Patrice Evers; Angela Lopez; Jack and Elijah Lopez,John Nolan; Angela Lopez; Elijah Vestri and other investigators,Romance with Angela; marriage; legal cases; fatherhood,Meets Angela; builds legal career; becomes her husband and co-parent,"Articulate, witty, idealistic","Loyal, compassionate, family-oriented",,Detailed bio-ready,
TR-008,Bailey Nune,Jenna Dewan,Main,Fire Department / emergency response,Firefighter / EMT,S3–S8,Firefighter and emergency responder who becomes John Nolan's wife while maintaining her own demanding career.,Emergency response; physical skills; leadership; adaptability,Complex personal history; difficult work-life balance,John Nolan,John Nolan; LAPD team,Marriage; emergency calls; career; family,Relationship with Nolan; marriage and blended family dynamics,"Confident, upbeat, capable","Independent, caring, resilient",,Detailed bio-ready,
TR-009,Celina Juarez,Lisseth Chavez,Main,LAPD; Mid-Wilshire,Rookie → Officer,S4–S8,Intuitive and unconventional rookie who relies on instincts while learning police procedure.,Intuition; determination; empathy; observation,Can be unconventional; sometimes acts before fully processing procedure,Family; Nyla Harper as training officer,Nyla Harper; John Nolan; other rookies,Rookie training; unusual investigative instincts; personal growth,Joins LAPD as rookie; trains under Harper; develops professional confidence,"Energetic, intuitive, earnest","Curious, empathetic, driven",,Detailed bio-ready,
TR-010,Miles Penn,Deric Augustine,Main,LAPD; Mid-Wilshire,Rookie Officer,S7–S8,New-generation LAPD rookie navigating field training and the expectations of the Mid-Wilshire team.,Adaptability; determination; teamwork,Still developing experience and confidence,Not central to series family network,John Nolan; Celina Juarez; Smitty; Mid-Wilshire team,Rookie training; new-generation patrol stories,Joins as rookie; becomes part of the evolving training structure,"Friendly, observant, grounded","Hardworking, adaptable, team-oriented",,Detailed bio-ready,
TR-011,Aaron Thorsen,Tru Valentino,Main/Recurring,LAPD; Mid-Wilshire,Rookie → Officer,S4–S7; guest later,A wealthy social-media personality who becomes an LAPD officer and must overcome public assumptions about him.,Confidence; social awareness; persistence,Inexperience; sensitivity to public perception,Family and social-media background,Lucy Chen; John Nolan; Celina Juarez,Rookie training; celebrity/public-image baggage; career growth,Joins LAPD after a major life change; develops into a capable officer,"Charismatic, humorous, candid","Resilient, loyal, ambitious",,Detailed bio-ready,
TR-012,Jackson West,Titus Makin Jr.,Main,LAPD; Mid-Wilshire,Rookie Officer,S1–S3,Idealistic rookie and son of an Internal Affairs commander who struggles with the gap between institutional expectations and his values.,Police knowledge; determination; ethics,Inexperience; pressure from his father's reputation,Percy West,Angela Lopez; Lucy Chen; John Nolan,Rookie training; police reform; family expectations,Trains under Lopez; confronts department culture; killed during an attempted escape in S4 premiere,"Idealistic, earnest, principled","Loyal, courageous, conscientious",,Detailed bio-ready,
TR-013,Talia Bishop,Afton Williamson,Main,LAPD; Mid-Wilshire,Training Officer,S1,Experienced training officer assigned to Nolan and initially skeptical of him.,Training; tactical knowledge; professionalism,Career pressure; institutional conflicts,Professional relationships at LAPD,John Nolan; Angela Lopez; Wade Grey,Nolan's first training period; professional ethics,Trains Nolan before leaving Mid-Wilshire,"Professional, direct, composed","Competent, principled",,Detailed bio-ready,
TR-014,Zoe Andersen,Mercedes Mason,Main,LAPD; Mid-Wilshire,Captain,S1,Captain overseeing Mid-Wilshire who supports Nolan while managing the station's officers and political pressures.,Leadership; judgment; command experience,High-pressure command role,Professional ties to station,John Nolan; Wade Grey; Mid-Wilshire officers,Station leadership; Nolan's rookie period,Leads Mid-Wilshire; killed in the line of duty in S1,"Commanding, composed","Supportive, decisive",,Detailed bio-ready,
TR-015,Isabel Bradford,Mircea Monroe,Recurring,LAPD / former undercover narcotics,Former undercover officer,S1; S5,Tim Bradford's ex-wife and former undercover narcotics officer whose addiction was connected to her undercover work.,Undercover experience; street knowledge,Substance addiction history; difficult relationship with Tim,Tim Bradford,Lucy Chen; Tim Bradford,Recovery; undercover work; relationship with Tim,Returns sober and works undercover with Lucy,"Guarded, experienced","Determined, resilient",,Detailed bio-ready,
TR-016,Nell Forester,Sara Rue,Recurring,LAPD,Dispatcher,S1–S2; later guest,LAPD dispatcher known for helping officers obtain preferred calls and for her connection to Elroy Basso.,Dispatch knowledge; humor; station familiarity,Can bend rules for friends,Elroy Basso,Tim Bradford; Mid-Wilshire officers,Dispatch; station relationships,Works as dispatcher and later reappears,"Dry, playful, practical","Resourceful, sociable",,Detailed bio-ready,
TR-017,Ben McRee,Currie Graham,Recurring,Private citizen,Nolan's longtime friend,S1; S3,Nolan's wealthy longtime friend who provides him a place to stay after he moves to Los Angeles.,Generosity; business/life experience,Naivety about some dangers,John Nolan,John Nolan; Henry Nolan,Nolan's transition to Los Angeles,Hosts Nolan; later leaves LA after a violent mugging,"Friendly, affluent, supportive","Generous, loyal",,Detailed bio-ready,
TR-018,Kevin Wolfe,Demetrius Grosse,Recurring,LAPD,Detective,S1,Detective involved in the investigation surrounding Isabel Bradford.,Investigative skill,Limited screen history,Professional ties,Isabel Bradford; Elijah Vestri,Isabel investigation,Works cases connected to Bradford's undercover history,"Professional, serious",Methodical,,Detailed bio-ready,
TR-019,Elijah Vestri,David DeSantos,Recurring,LAPD,Detective,S1,Detective and partner of Kevin Wolfe who assists in investigations early in the series.,Investigative skill; field experience,Limited series history,Professional ties,Kevin Wolfe; Mid-Wilshire detectives,Isabel investigation and gang cases,Killed in a shootout during S1,"Serious, professional",Dedicated,,Detailed bio-ready,
TR-020,Henry Nolan,Zayne Emory,Recurring,Student / civilian,College student,S1–S4; S6,"John Nolan's son, whose life and health concerns remain important to his father's story.",Intelligence; independence; family loyalty,Health challenges; pressure of family changes,John Nolan; Sarah Nolan; Abigail,John Nolan; Bailey Nune,College; engagement; health; father-son relationship,Grows into adulthood while maintaining a close relationship with John,"Warm, youthful, grounded","Independent, caring",,Detailed bio-ready,
TR-021,Percy West,Michael Beach,Recurring,LAPD,Internal Affairs commander,S1–S3; S6,Jackson West's demanding father and senior LAPD official.,Institutional knowledge; command experience,High expectations; complicated father-son relationship,Jackson West; family,Jackson West; Wade Grey,Jackson's career; Internal Affairs; family expectations,Navigates Jackson's career and later family storylines,"Formal, demanding, authoritative","Protective, ambitious",,Detailed bio-ready,
TR-022,Quigley Smitty,Brent Huff,Recurring,LAPD; Mid-Wilshire,Officer / veteran officer,S1–S8,Long-serving Mid-Wilshire officer known for his laid-back attitude and comic relief.,Experience; institutional knowledge,Low ambition; sometimes careless,Extended family mentioned,Tim Bradford; John Nolan; Miles Penn,Station life; comic relief; occasional field work,Becomes a recurring veteran presence at Mid-Wilshire,"Laid-back, irreverent, funny","Experienced, easygoing",,Detailed bio-ready,
TR-023,Luna Grey,Angel Parker,Recurring,Civilian,Wade Grey's wife,S1–S8,Wade Grey's wife and an important part of his family life.,Emotional intelligence; family support,Balances family pressures,Wade Grey; Dominique Grey,Wade Grey,"Family, parenting, Wade's career",Supports Wade through professional and family challenges,"Warm, candid, grounded","Supportive, practical",,Detailed bio-ready,
TR-024,Dominique Grey,Various,Recurring,Civilian,Wade and Luna's daughter,S1–S8,Daughter of Wade and Luna Grey whose life and education form recurring family storylines.,Independent; family-oriented,Normal young-adult/family pressures,Wade Grey; Luna Grey,Wade Grey,Family and education,Appears in Grey family storylines,"Youthful, direct",Independent,,Detailed bio-ready,
TR-025,Oscar Hutchinson,Matthew Glave,Recurring,Civilian / criminal,Inmate / recurring criminal figure,S1–S8,A recurring criminal whose interactions with the LAPD often create complications and comic tension.,Manipulation; survival instincts,Criminal behavior; self-interest,Various,John Nolan; Mid-Wilshire officers,Prison/legal troubles; schemes; recurring cases,Returns repeatedly as an unpredictable problem for officers,"Clever, manipulative, comic",Self-preserving,,Detailed bio-ready,
TR-026,Jessica Russo,Sarah Shahi,Recurring,Private security / federal,Former FBI hostage negotiator,S1–S2,Former FBI hostage negotiator who runs a security firm and briefly dates Nolan.,Negotiation; security expertise; confidence,Career demands; relationship complications,John Nolan,John Nolan; FBI/security contacts,Nolan relationship; security work; federal career,Dates Nolan; later works with DHS,"Confident, articulate, pragmatic","Independent, capable",,Detailed bio-ready,
TR-027,Grace Sawyer,Ali Larter,Recurring,Medical,Doctor,S2,Doctor who develops a relationship with Nolan and becomes part of his personal life.,Medical expertise; empathy,Relationship complications,John Nolan,John Nolan; Henry Nolan,Romance; medical cases,Dates Nolan during S2,"Warm, professional","Compassionate, independent",,Detailed bio-ready,
TR-028,Nick Armstrong,Harold Perrineau,Recurring,LAPD; Mid-Wilshire,Detective,S2–S3,Experienced detective who becomes a mentor and later a source of major conflict for Nolan and the team.,Detective skills; undercover experience,Compromised by criminal ties,Professional network,John Nolan; Nyla Harper; Tim Bradford,Detective mentorship; corruption investigation,Joins Mid-Wilshire; later revealed to be compromised,"Confident, polished, guarded","Experienced, complex",,Detailed bio-ready,
TR-029,Rachel Hall,Jasmine Mathews,Recurring,Social work / nonprofit,Community professional,S2; S7,Character connected to the LAPD team through personal and community storylines.,Empathy; community knowledge,Personal pressures,Various Mid-Wilshire relationships,John Nolan / recurring team,Community and personal stories,Reappears in later seasons,"Warm, grounded",Compassionate,,Detailed bio-ready,
TR-030,Patrice Evers,Jane Daly,Recurring,Civilian,Wesley's mother,S2–S4,"Wesley Evers's mother, whose personality and family history provide insight into Wesley.",Family loyalty; strong personality,Family tensions,Wesley Evers,Wesley Evers; Angela Lopez,Family; wedding/relationship storylines,Appears in Wesley's family stories,"Sharp, outspoken, affectionate","Protective, opinionated",,Detailed bio-ready,
TR-031,Chris Sanford,Kanoa Goo,Recurring,Legal,Assistant District Attorney,S3–S5,Lucy Chen's former boyfriend and a prosecutor who becomes connected to the LAPD team.,Legal expertise; professionalism,Relationship tension,Lucy Chen,Lucy Chen; Tim Bradford,Lucy relationship; prosecution cases,Dates Lucy before her relationship with Bradford,"Professional, polished","Ambitious, composed",,Detailed bio-ready,
TR-032,Tamara Colins,Dylan Conrique,Recurring,Civilian,Lucy Chen's friend / roommate figure,S3–S7,Young woman whose friendship with Lucy becomes an important personal relationship outside the LAPD.,Adaptability; street smarts; loyalty,Unstable circumstances; past legal trouble,Lucy Chen,Lucy Chen; Tim Bradford,Friendship; housing; personal growth,Becomes closely integrated into Lucy's personal life,"Energetic, blunt, playful","Loyal, resourceful",,Detailed bio-ready,
TR-033,James Murray,Arjay Smith,Recurring,Community / civilian,Community organizer / family man,S3–S8,Nyla Harper's partner and a community-focused character who becomes part of her family life.,Community knowledge; communication; family focus,Balancing family and community demands,Nyla Harper; Harper family,Nyla Harper; Harper children,Romance; parenting; community work,Builds a family with Nyla,"Calm, thoughtful, supportive","Community-minded, dependable",,Detailed bio-ready,
TR-034,Rosalind Dyer,Annie Wersching,Recurring,Criminal,Serial killer,S2–S5,"Highly manipulative serial killer whose cases have lasting effects on Nolan, Chen, and the LAPD team.",Manipulation; psychological insight,Extreme criminality; obsession,Connected to multiple victims and accomplices,John Nolan; Lucy Chen; Tim Bradford,Serial-killer investigations; psychological manipulation,"Captured, escapes/returns through legal and criminal storylines, ultimately killed","Cold, controlled, manipulative","Calculating, obsessive",,Detailed bio-ready,
TR-035,Doug Stanton,Brandon Routh,Recurring,LAPD,Training Officer,S3,Training officer whose treatment of Jackson West becomes a major departmental conflict.,Field experience; authority,Bias and abusive training methods,Professional LAPD relationships,Jackson West; Wade Grey; John Nolan,Police reform; training misconduct,Assigned to Jackson; removed after investigation,"Rigid, confrontational",Authoritarian,,Detailed bio-ready,
TR-036,Sandra de la Cruz / La Fiera,Camille Guaty,Recurring,Criminal organization,Drug cartel leader,S3–S4,Powerful criminal leader whose pursuit of control creates major threats for Angela Lopez and the LAPD.,Strategic thinking; criminal network; ruthlessness,Power obsession; criminal violence,Diego de la Cruz; Angela Lopez,Angela Lopez; John Nolan; Nyla Harper,Kidnapping; cartel conflict; revenge,Becomes a major antagonist across S3–S4,"Controlled, intimidating","Strategic, relentless",,Detailed bio-ready,
TR-037,Monica Stevens,Bridget Regan,Recurring,Legal / corporate,Attorney,S5–S8,Aggressive attorney whose cases repeatedly intersect with the LAPD and broader legal conflicts.,Legal strategy; negotiation; persistence,Confrontational; morally flexible in some cases,Professional network,Wesley Evers; LAPD team,Legal battles; corporate/criminal cases,Becomes a recurring legal adversary and influence,"Polished, sharp, assertive","Ambitious, calculating",,Detailed bio-ready,
TR-038,Seth Ridley,Patrick Keleher,Recurring,LAPD,Officer / rookie,S5–S7,Officer whose career and personal struggles form part of the newer-generation patrol ensemble.,Adaptability; willingness to learn,Confidence and career pressures,Colleagues in Mid-Wilshire,Celina Juarez; Aaron Thorsen; Lucy Chen,Rookie/officer stories,Develops within Mid-Wilshire's younger officer group,"Nervous, earnest, occasionally comic","Hardworking, teachable",,Detailed bio-ready,
TR-039,Elijah Stone,Various,Recurring,Civilian / legal,Legal figure,S4–S5; S8,Recurring character connected to later legal and personal storylines.,Legal/social knowledge,Conflicting interests,Various,Wesley Evers and LAPD team,Legal/personal cases,Reappears in later seasons,"Controlled, articulate",Strategic,,Detailed bio-ready,
TR-040,Abigail,Sarah Drew?,Recurring,Civilian,Henry Nolan's partner,S2–S3; S7,Henry Nolan's fiancée/partner who appears in family storylines.,Supportive; practical,Young-adult relationship pressures,Henry Nolan,Henry Nolan; John Nolan,Engagement; family,Becomes part of Henry's adult life,"Warm, practical",Supportive,,Detailed bio-ready,
TR-041,Donovan Town,Various,Recurring,Civilian,Lila Town's husband / family figure,S2; S4,Connected to Nyla Harper through family and custody storylines.,Family involvement,Relationship conflict,Lila Town; Nyla Harper,Nyla Harper,Family/custody conflict,Appears in Harper family storylines,"Tense, direct",Family-focused,,Detailed bio-ready,
TR-042,Lila Town,Various,Recurring,Civilian,Nyla Harper's daughter,S2; S4–S5; S8,Nyla Harper's daughter who is central to her mother's family life and custody concerns.,Resilience; adaptability,Family instability,Nyla Harper; Donovan Town,Nyla Harper; James Murray,"Custody, family, parenting",Grows within Harper family storyline,"Youthful, direct",Resilient,,Detailed bio-ready,
TR-043,Pete Nolan,Various,Recurring,Civilian,John Nolan's half-brother,Later seasons,John Nolan's half-brother whose appearances explore Nolan's family history.,Family knowledge; adaptability,Complicated family history,John Nolan and Nolan family,John Nolan,Family revelations,Expands Nolan's family story,"Casual, candid",Family-oriented,,Detailed bio-ready,
TR-044,Randy / Skip Tracer Randy,Flula Borg,Recurring,Private investigator,Skip tracer,S4–S8,Eccentric skip tracer who assists Nolan and others with unusual cases.,Tracking; improvisation; persistence,Chaotic methods; comic unpredictability,Pete Nolan and others,John Nolan; LAPD team,Skip tracing; comic cases,Becomes a recurring civilian ally,"Eccentric, fast-talking","Resourceful, persistent",,Detailed bio-ready,
TR-045,Sava Wu,Various,Recurring,Civilian,Recurring civilian,Later seasons,Recurring civilian connected to Mid-Wilshire stories.,Varies,Varies,Varies,Mid-Wilshire characters,Case-specific stories,Appears in later recurring stories,Varies,Varies,,Detailed bio-ready,
TR-046,Brendan Acres,Kevin Zegers,Crossover,FBI,Special Agent,S5–S7,Former actor turned FBI agent and colleague of Simone Clark in The Rookie: Feds.,FBI training; social skills; adaptability,Public-image baggage; personal pressures,Simone Clark; Laura Stensen; Antoinette Benneteau,Matthew Garza; FBI team,Federal investigations; crossover cases,Works with Garza's FBI team,"Charismatic, polished","Adaptable, ambitious",,Detailed bio-ready,
TR-047,Simone Clark,Niecy Nash-Betts,Crossover,FBI,FBI trainee / special agent,S4–S5,Older FBI trainee whose career-change story parallels Nolan's and leads The Rookie: Feds.,Life experience; determination; people skills,Impulsive; strong personality,FBI team,John Nolan; Matthew Garza; Laura Stensen,FBI training; federal cases; crossover stories,Meets Nolan; transitions into FBI work,"Bold, humorous, outspoken","Determined, empathetic",,Detailed bio-ready,
TR-048,Matthew Garza,Felix Solis,Crossover,FBI,Special Agent in Charge,S4–S8,FBI leader overseeing the Special Investigative Unit featured in The Rookie: Feds.,Command; investigation; strategy,Leadership pressure,Elena Flores and FBI team,Simone Clark; Brendan Acres; LAPD,Federal task-force cases; crossovers,Leads SIU and continues into later Rookieverse stories,"Commanding, measured","Strategic, protective",,Detailed bio-ready,
TR-049,Laura Stensen,Britt Robertson,Crossover,FBI,Special Agent,S5–S7,FBI agent and Simone Clark's colleague/training connection.,Investigation; analysis; professionalism,Career pressure,Simone Clark; Brendan Acres,Matthew Garza; FBI team,FBI cases; crossover stories,Works with Garza's team,"Focused, analytical","Professional, determined",,Detailed bio-ready,
TR-050,Antoinette Benneteau,Devika Bhise,Crossover,FBI,Forensic biologist / laboratory technician,S7,FBI forensic specialist and Brendan Acres's romantic interest.,Forensics; science; analysis,Work-life balance,Brendan Acres,Matthew Garza; FBI team,Forensic investigations; romance,Works with FBI team,"Precise, composed","Analytical, caring",,Detailed bio-ready,
TR-051,Elena Flores,Michelle Nuñez,Crossover,FBI,Tech analyst,S8,Tech analyst and Matthew Garza's niece who supports federal investigations.,Technology; research; analysis,Newer professional,Matthew Garza,FBI SIU,Tech support and federal cases,Joins the later Rookieverse ensemble,"Smart, focused","Curious, analytical",,Detailed bio-ready,
TR-052,Carter Hope,James Lesure,Crossover,FBI,Training agent,S4–S5,FBI training agent connected to Simone Clark's early federal career.,Training; federal experience,Professional pressure,Simone Clark,Matthew Garza; FBI team,FBI training and cases,Works with Simone's federal transition,"Serious, composed","Experienced, demanding",,Detailed bio-ready,
TR-054,Tracy Chiles,Courtney Ford,Crossover,FBI,Special Agent in Charge,Rookieverse,FBI Los Angeles leadership figure associated with the Feds side of the universe.,Command; federal operations,High-pressure leadership,FBI leadership,Matthew Garza; FBI team,Federal investigations,Oversees LA FBI operations,"Authoritative, controlled",Decisive,,Detailed bio-ready,
TR-055,Officer Jan,,Recurring/Guest,,,,Named character listed in the show's character database; detailed bio information should be verified from episode credits/recaps before writing a full biography.,,,,,,,,,16.0,Roster-level; verify before detailed bio,
TR-056,Nurse Lisa,,Recurring/Guest,,,,Named character listed in the show's character database; detailed bio information should be verified from episode credits/recaps before writing a full biography.,,,,,,,,,17.0,Roster-level; verify before detailed bio,
TR-057,ADA Sean Del Monte,,Recurring/Guest,,,,Named character listed in the show's character database; detailed bio information should be verified from episode credits/recaps before writing a full biography.,,,,,,,,,13.0,Roster-level; verify before detailed bio,
TR-058,Detective Kevin Wolfe,,Recurring/Guest,,,,Named character listed in the show's character database; detailed bio information should be verified from episode credits/recaps before writing a full biography.,,,,,,,,,5.0,Roster-level; verify before detailed bio,
TR-059,Chastity Evelyn Sneed,,Recurring/Guest,,,,Named character listed in the show's character database; detailed bio information should be verified from episode credits/recaps before writing a full biography.,,,,,,,,,5.0,Roster-level; verify before detailed bio,
TR-060,Detective Sergeant Ryan Caradine,,Recurring/Guest,,,,Named character listed in the show's character database; detailed bio information should be verified from episode credits/recaps before writing a full biography.,,,,,,,,,5.0,Roster-level; verify before detailed bio,
TR-061,Ashley McGrady,,Recurring/Guest,,,,Named character listed in the show's character database; detailed bio information should be verified from episode credits/recaps before writing a full biography.,,,,,,,,,5.0,Roster-level; verify before detailed bio,
TR-062,Detective Keith Graham,,Recurring/Guest,,,,Named character listed in the show's character database; detailed bio information should be verified from episode credits/recaps before writing a full biography.,,,,,,,,,4.0,Roster-level; verify before detailed bio,
TR-063,El Malvado,,Recurring/Guest,,,,Named character listed in the show's character database; detailed bio information should be verified from episode credits/recaps before writing a full biography.,,,,,,,,,4.0,Roster-level; verify before detailed bio,
TR-064,Nurse Gino Brown,,Recurring/Guest,,,,Named character listed in the show's character database; detailed bio information should be verified from episode credits/recaps before writing a full biography.,,,,,,,,,3.0,Roster-level; verify before detailed bio,
TR-065,Dr. Solomon Lowell,,Recurring/Guest,,,,Named character listed in the show's character database; detailed bio information should be verified from episode credits/recaps before writing a full biography.,,,,,,,,,3.0,Roster-level; verify before detailed bio,
TR-066,Officer Trager,,Recurring/Guest,,,,Named character listed in the show's character database; detailed bio information should be verified from episode credits/recaps before writing a full biography.,,,,,,,,,3.0,Roster-level; verify before detailed bio,
TR-067,Ruben Derian,,Recurring/Guest,,,,Named character listed in the show's character database; detailed bio information should be verified from episode credits/recaps before writing a full biography.,,,,,,,,,3.0,Roster-level; verify before detailed bio,
TR-068,Alonzo Smith,,Recurring/Guest,,,,Named character listed in the show's character database; detailed bio information should be verified from episode credits/recaps before writing a full biography.,,,,,,,,,3.0,Roster-level; verify before detailed bio,
TR-069,Cesar Madrigal,,Recurring/Guest,,,,Named character listed in the show's character database; detailed bio information should be verified from episode credits/recaps before writing a full biography.,,,,,,,,,3.0,Roster-level; verify before detailed bio,
TR-070,Abril Rodas,,Recurring/Guest,,,,Named character listed in the show's character database; detailed bio information should be verified from episode credits/recaps before writing a full biography.,,,,,,,,,3.0,Roster-level; verify before detailed bio,
TR-071,Curtis Jones,,Recurring/Guest,,,,Named character listed in the show's character database; detailed bio information should be verified from episode credits/recaps before writing a full biography.,,,,,,,,,3.0,Roster-level; verify before detailed bio,
TR-072,Morris Mackey,,Recurring/Guest,,,,Named character listed in the show's character database; detailed bio information should be verified from episode credits/recaps before writing a full biography.,,,,,,,,,3.0,Roster-level; verify before detailed bio,
TR-073,Nurse Morgan,,Recurring/Guest,,,,Named character listed in the show's character database; detailed bio information should be verified from episode credits/recaps before writing a full biography.,,,,,,,,,3.0,Roster-level; verify before detailed bio,
TR-074,Officer Liz Diamond,,Recurring/Guest,,,,Named character listed in the show's character database; detailed bio information should be verified from episode credits/recaps before writing a full biography.,,,,,,,,,3.0,Roster-level; verify before detailed bio,
TR-075,Officer Kate Simmons,,Recurring/Guest,,,,Named character listed in the show's character database; detailed bio information should be verified from episode credits/recaps before writing a full biography.,,,,,,,,,3.0,Roster-level; verify before detailed bio,
TR-076,Miranda Calvert,,Recurring/Guest,,,,Named character listed in the show's character database; detailed bio information should be verified from episode credits/recaps before writing a full biography.,,,,,,,,,3.0,Roster-level; verify before detailed bio,
TR-077,Rita Sanchez,,Recurring/Guest,,,,Named character listed in the show's character database; detailed bio information should be verified from episode credits/recaps before writing a full biography.,,,,,,,,,3.0,Roster-level; verify before detailed bio,
TR-078,Aurora,,Recurring/Guest,,,,Named character listed in the show's character database; detailed bio information should be verified from episode credits/recaps before writing a full biography.,,,,,,,,,2.0,Roster-level; verify before detailed bio,
TR-079,Detective Emma Calderon,,Recurring/Guest,,,,Named character listed in the show's character database; detailed bio information should be verified from episode credits/recaps before writing a full biography.,,,,,,,,,2.0,Roster-level; verify before detailed bio,
TR-080,Curtis 'Ripper' Danvers,,Recurring/Guest,,,,Named character listed in the show's character database; detailed bio information should be verified from episode credits/recaps before writing a full biography.,,,,,,,,,2.0,Roster-level; verify before detailed bio,
TR-081,Sgt. Antonio Hernandez,,Recurring/Guest,,,,Named character listed in the show's character database; detailed bio information should be verified from episode credits/recaps before writing a full biography.,,,,,,,,,2.0,Roster-level; verify before detailed bio,
TR-082,Caleb Wright,,Recurring/Guest,,,,Named character listed in the show's character database; detailed bio information should be verified from episode credits/recaps before writing a full biography.,,,,,,,,,2.0,Roster-level; verify before detailed bio,
TR-083,Nora Valdez,,Recurring/Guest,,,,Named character listed in the show's character database; detailed bio information should be verified from episode credits/recaps before writing a full biography.,,,,,,,,,2.0,Roster-level; verify before detailed bio,
TR-084,Officer Erin Cole,,Recurring/Guest,,,,Named character listed in the show's character database; detailed bio information should be verified from episode credits/recaps before writing a full biography.,,,,,,,,,2.0,Roster-level; verify before detailed bio,
TR-085,KZYO Newscaster,,Recurring/Guest,,,,Named character listed in the show's character database; detailed bio information should be verified from episode credits/recaps before writing a full biography.,,,,,,,,,2.0,Roster-level; verify before detailed bio,
TR-086,Evelyn Nolan,,Recurring/Guest,,,,Named character listed in the show's character database; detailed bio information should be verified from episode credits/recaps before writing a full biography.,,,,,,,,,2.0,Roster-level; verify before detailed bio,
TR-087,Diego De La Cruz,,Recurring/Guest,,,,Named character listed in the show's character database; detailed bio information should be verified from episode credits/recaps before writing a full biography.,,,,,,,,,2.0,Roster-level; verify before detailed bio,
TR-088,Mack Daniels,,Recurring/Guest,,,,Named character listed in the show's character database; detailed bio information should be verified from episode credits/recaps before writing a full biography.,,,,,,,,,2.0,Roster-level; verify before detailed bio,
TR-089,Ashley Hutchinson,,Recurring/Guest,,,,Named character listed in the show's character database; detailed bio information should be verified from episode credits/recaps before writing a full biography.,,,,,,,,,2.0,Roster-level; verify before detailed bio,
TR-090,Gretchen,,Recurring/Guest,,,,Named character listed in the show's character database; detailed bio information should be verified from episode credits/recaps before writing a full biography.,,,,,,,,,2.0,Roster-level; verify before detailed bio,
TR-091,Officer Larry Macer,,Recurring/Guest,,,,Named character listed in the show's character database; detailed bio information should be verified from episode credits/recaps before writing a full biography.,,,,,,,,,2.0,Roster-level; verify before detailed bio,
TR-092,Reyna,,Recurring/Guest,,,,Named character listed in the show's character database; detailed bio information should be verified from episode credits/recaps before writing a full biography.,,,,,,,,,2.0,Roster-level; verify before detailed bio,
TR-093,Aaron Galeno,,Recurring/Guest,,,,Named character listed in the show's character database; detailed bio information should be verified from episode credits/recaps before writing a full biography.,,,,,,,,,2.0,Roster-level; verify before detailed bio,
TR-094,Special Agent Sam Taggart,,Recurring/Guest,,,,Named character listed in the show's character database; detailed bio information should be verified from episode credits/recaps before writing a full biography.,,,,,,,,,2.0,Roster-level; verify before detailed bio,
TR-095,SWAT Sergeant,,Recurring/Guest,,,,Named character listed in the show's character database; detailed bio information should be verified from episode credits/recaps before writing a full biography.,,,,,,,,,2.0,Roster-level; verify before detailed bio,
TR-096,Aidan Merritt,,Recurring/Guest,,,,Named character listed in the show's character database; detailed bio information should be verified from episode credits/recaps before writing a full biography.,,,,,,,,,2.0,Roster-level; verify before detailed bio,
TR-097,Marcus,,Recurring/Guest,,,,Named character listed in the show's character database; detailed bio information should be verified from episode credits/recaps before writing a full biography.,,,,,,,,,2.0,Roster-level; verify before detailed bio,
TR-098,Moreno,,Recurring/Guest,,,,Named character listed in the show's character database; detailed bio information should be verified from episode credits/recaps before writing a full biography.,,,,,,,,,2.0,Roster-level; verify before detailed bio,
TR-099,Sharon Rice,,Recurring/Guest,,,,Named character listed in the show's character database; detailed bio information should be verified from episode credits/recaps before writing a full biography.,,,,,,,,,2.0,Roster-level; verify before detailed bio,
TR-100,Yvonne Thorsen,,Recurring/Guest,,,,Named character listed in the show's character database; detailed bio information should be verified from episode credits/recaps before writing a full biography.,,,,,,,,,2.0,Roster-level; verify before detailed bio,
TR-101,Officer Monroe,,Recurring/Guest,,,,Named character listed in the show's character database; detailed bio information should be verified from episode credits/recaps before writing a full biography.,,,,,,,,,2.0,Roster-level; verify before detailed bio,
TR-102,Sabrina Fowler,,Recurring/Guest,,,,Named character listed in the show's character database; detailed bio information should be verified from episode credits/recaps before writing a full biography.,,,,,,,,,2.0,Roster-level; verify before detailed bio,
TR-103,Dexter Hayes,,Recurring/Guest,,,,Named character listed in the show's character database; detailed bio information should be verified from episode credits/recaps before writing a full biography.,,,,,,,,,2.0,Roster-level; verify before detailed bio,
TR-104,Connor Hart,,Recurring/Guest,,,,Named character listed in the show's character database; detailed bio information should be verified from episode credits/recaps before writing a full biography.,,,,,,,,,2.0,Roster-level; verify before detailed bio,
TR-105,Dr. Hurley,,Recurring/Guest,,,,Named character listed in the show's character database; detailed bio information should be verified from episode credits/recaps before writing a full biography.,,,,,,,,,2.0,Roster-level; verify before detailed bio,
TR-106,FBI Agent Casey Fox,,Recurring/Guest,,,,Named character listed in the show's character database; detailed bio information should be verified from episode credits/recaps before writing a full biography.,,,,,,,,,2.0,Roster-level; verify before detailed bio,
TR-107,Christopher 'Cutty' Clark,,Recurring/Guest,,,,Named character listed in the show's character database; detailed bio information should be verified from episode credits/recaps before writing a full biography.,,,,,,,,,2.0,Roster-level; verify before detailed bio,
TR-108,Jacob,,Recurring/Guest,,,,Named character listed in the show's character database; detailed bio information should be verified from episode credits/recaps before writing a full biography.,,,,,,,,,2.0,Roster-level; verify before detailed bio,
TR-109,Dustin,,Recurring/Guest,,,,Named character listed in the show's character database; detailed bio information should be verified from episode credits/recaps before writing a full biography.,,,,,,,,,2.0,Roster-level; verify before detailed bio,
TR-110,Trevor Gurin,,Recurring/Guest,,,,Named character listed in the show's character database; detailed bio information should be verified from episode credits/recaps before writing a full biography.,,,,,,,,,2.0,Roster-level; verify before detailed bio,
TR-111,Ezekiel 'Zeke' Freemont,,Recurring/Guest,,,,Named character listed in the show's character database; detailed bio information should be verified from episode credits/recaps before writing a full biography.,,,,,,,,,2.0,Roster-level; verify before detailed bio,
TR-112,Wisco,,Recurring/Guest,,,,Named character listed in the show's character database; detailed bio information should be verified from episode credits/recaps before writing a full biography.,,,,,,,,,2.0,Roster-level; verify before detailed bio,
TR-113,Roy Hajek,,Recurring/Guest,,,,Named character listed in the show's character database; detailed bio information should be verified from episode credits/recaps before writing a full biography.,,,,,,,,,2.0,Roster-level; verify before detailed bio,
TR-114,Jake Butler,,Recurring/Guest,,,,Named character listed in the show's character database; detailed bio information should be verified from episode credits/recaps before writing a full biography.,,,,,,,,,2.0,Roster-level; verify before detailed bio,
TR-115,Emilia Lopez,,Recurring/Guest,,,,Named character listed in the show's character database; detailed bio information should be verified from episode credits/recaps before writing a full biography.,,,,,,,,,2.0,Roster-level; verify before detailed bio,
TR-116,Damian Lopez,,Recurring/Guest,,,,Named character listed in the show's character database; detailed bio information should be verified from episode credits/recaps before writing a full biography.,,,,,,,,,2.0,Roster-level; verify before detailed bio,
TR-117,Tyler,,Recurring/Guest,,,,Named character listed in the show's character database; detailed bio information should be verified from episode credits/recaps before writing a full biography.,,,,,,,,,2.0,Roster-level; verify before detailed bio,
TR-118,Lieutenant Pine,,Recurring/Guest,,,,Named character listed in the show's character database; detailed bio information should be verified from episode credits/recaps before writing a full biography.,,,,,,,,,2.0,Roster-level; verify before detailed bio,
TR-119,Mad Dog,,Recurring/Guest,,,,Named character listed in the show's character database; detailed bio information should be verified from episode credits/recaps before writing a full biography.,,,,,,,,,2.0,Roster-level; verify before detailed bio,
TR-120,Daylin Morales,,Recurring/Guest,,,,Named character listed in the show's character database; detailed bio information should be verified from episode credits/recaps before writing a full biography.,,,,,,,,,2.0,Roster-level; verify before detailed bio,
TR-121,Wyatt,,Recurring/Guest,,,,Named character listed in the show's character database; detailed bio information should be verified from episode credits/recaps before writing a full biography.,,,,,,,,,2.0,Roster-level; verify before detailed bio,
TR-122,Bus Driver,,Recurring/Guest,,,,Named character listed in the show's character database; detailed bio information should be verified from episode credits/recaps before writing a full biography.,,,,,,,,,2.0,Roster-level; verify before detailed bio,
TR-123,Detective Scanlon,,Recurring/Guest,,,,Named character listed in the show's character database; detailed bio information should be verified from episode credits/recaps before writing a full biography.,,,,,,,,,2.0,Roster-level; verify before detailed bio,
TR-124,Frank Teska,,Recurring/Guest,,,,Named character listed in the show's character database; detailed bio information should be verified from episode credits/recaps before writing a full biography.,,,,,,,,,2.0,Roster-level; verify before detailed bio,
TR-125,Scott Wickham,,Recurring/Guest,,,,Named character listed in the show's character database; detailed bio information should be verified from episode credits/recaps before writing a full biography.,,,,,,,,,2.0,Roster-level; verify before detailed bio,
TR-126,Dr. Schneider,,Recurring/Guest,,,,Named character listed in the show's character database; detailed bio information should be verified from episode credits/recaps before writing a full biography.,,,,,,,,,2.0,Roster-level; verify before detailed bio,
TR-127,Boyd Taylor,,Recurring/Guest,,,,Named character listed in the show's character database; detailed bio information should be verified from episode credits/recaps before writing a full biography.,,,,,,,,,2.0,Roster-level; verify before detailed bio,
TR-128,Nurse Smith,,Recurring/Guest,,,,Named character listed in the show's character database; detailed bio information should be verified from episode credits/recaps before writing a full biography.,,,,,,,,,2.0,Roster-level; verify before detailed bio,
TR-129,The Hammer,,Recurring/Guest,,,,Named character listed in the show's character database; detailed bio information should be verified from episode credits/recaps before writing a full biography.,,,,,,,,,2.0,Roster-level; verify before detailed bio,
TR-130,Ray Watkins,,Recurring/Guest,,,,Named character listed in the show's character database; detailed bio information should be verified from episode credits/recaps before writing a full biography.,,,,,,,,,2.0,Roster-level; verify before detailed bio,
TR-131,Sidney,,Recurring/Guest,,,,Named character listed in the show's character database; detailed bio information should be verified from episode credits/recaps before writing a full biography.,,,,,,,,,2.0,Roster-level; verify before detailed bio,
TR-132,Joshua,,Recurring/Guest,,,,Named character listed in the show's character database; detailed bio information should be verified from episode credits/recaps before writing a full biography.,,,,,,,,,2.0,Roster-level; verify before detailed bio,
TR-133,Esther,,Recurring/Guest,,,,Named character listed in the show's character database; detailed bio information should be verified from episode credits/recaps before writing a full biography.,,,,,,,,,2.0,Roster-level; verify before detailed bio,
TR-134,Detective Pearson,,Recurring/Guest,,,,Named character listed in the show's character database; detailed bio information should be verified from episode credits/recaps before writing a full biography.,,,,,,,,,2.0,Roster-level; verify before detailed bio,
TR-135,Gundo,,Recurring/Guest,,,,Named character listed in the show's character database; detailed bio information should be verified from episode credits/recaps before writing a full biography.,,,,,,,,,2.0,Roster-level; verify before detailed bio,
TR-136,Christian Batista,,Recurring/Guest,,,,Named character listed in the show's character database; detailed bio information should be verified from episode credits/recaps before writing a full biography.,,,,,,,,,2.0,Roster-level; verify before detailed bio,
TR-137,Drew Davis,,Recurring/Guest,,,,Named character listed in the show's character database; detailed bio information should be verified from episode credits/recaps before writing a full biography.,,,,,,,,,2.0,Roster-level; verify before detailed bio,
TR-138,Dr. Meg Davidson,,Recurring/Guest,,,,Named character listed in the show's character database; detailed bio information should be verified from episode credits/recaps before writing a full biography.,,,,,,,,,2.0,Roster-level; verify before detailed bio,
TR-139,Harrison Novak,,Recurring/Guest,,,,Named character listed in the show's character database; detailed bio information should be verified from episode credits/recaps before writing a full biography.,,,,,,,,,2.0,Roster-level; verify before detailed bio,
TR-140,Ryan Dearbourne,,Recurring/Guest,,,,Named character listed in the show's character database; detailed bio information should be verified from episode credits/recaps before writing a full biography.,,,,,,,,,2.0,Roster-level; verify before detailed bio,
TR-141,Camilla,,Recurring/Guest,,,,Named character listed in the show's character database; detailed bio information should be verified from episode credits/recaps before writing a full biography.,,,,,,,,,2.0,Roster-level; verify before detailed bio,
TR-142,Teddy,,Recurring/Guest,,,,Named character listed in the show's character database; detailed bio information should be verified from episode credits/recaps before writing a full biography.,,,,,,,,,2.0,Roster-level; verify before detailed bio,
TR-143,Anita,,Recurring/Guest,,,,Named character listed in the show's character database; detailed bio information should be verified from episode credits/recaps before writing a full biography.,,,,,,,,,2.0,Roster-level; verify before detailed bio,
TR-144,Jack,,Recurring/Guest,,,,Named character listed in the show's character database; detailed bio information should be verified from episode credits/recaps before writing a full biography.,,,,,,,,,2.0,Roster-level; verify before detailed bio,
TR-145,Kylie Thomas,,Recurring/Guest,,,,Named character listed in the show's character database; detailed bio information should be verified from episode credits/recaps before writing a full biography.,,,,,,,,,2.0,Roster-level; verify before detailed bio,
TR-146,Connor Lowe,,Recurring/Guest,,,,Named character listed in the show's character database; detailed bio information should be verified from episode credits/recaps before writing a full biography.,,,,,,,,,2.0,Roster-level; verify before detailed bio,
TR-147,Theo Glasser,,Recurring/Guest,,,,Named character listed in the show's character database; detailed bio information should be verified from episode credits/recaps before writing a full biography.,,,,,,,,,2.0,Roster-level; verify before detailed bio,
TR-148,Felicity,,Recurring/Guest,,,,Named character listed in the show's character database; detailed bio information should be verified from episode credits/recaps before writing a full biography.,,,,,,,,,2.0,Roster-level; verify before detailed bio,
TR-149,Rich Rowley,,Recurring/Guest,,,,Named character listed in the show's character database; detailed bio information should be verified from episode credits/recaps before writing a full biography.,,,,,,,,,2.0,Roster-level; verify before detailed bio,
TR-150,Officer Hall,,Recurring/Guest,,,,Named character listed in the show's character database; detailed bio information should be verified from episode credits/recaps before writing a full biography.,,,,,,,,,2.0,Roster-level; verify before detailed bio,
TR-151,Mike Walker,,Recurring/Guest,,,,Named character listed in the show's character database; detailed bio information should be verified from episode credits/recaps before writing a full biography.,,,,,,,,,2.0,Roster-level; verify before detailed bio,
TR-152,TID Agent Gilmar,,Recurring/Guest,,,,Named character listed in the show's character database; detailed bio information should be verified from episode credits/recaps before writing a full biography.,,,,,,,,,2.0,Roster-level; verify before detailed bio,
TR-153,EMT,,Recurring/Guest,,,,Named character listed in the show's character database; detailed bio information should be verified from episode credits/recaps before writing a full biography.,,,,,,,,,2.0,Roster-level; verify before detailed bio,
TR-154,Joy Bradford,,Recurring/Guest,,,,Named character listed in the show's character database; detailed bio information should be verified from episode credits/recaps before writing a full biography.,,,,,,,,,3.0,Roster-level; verify before detailed bio,
TR-155,Oliver Ashton,,Recurring/Guest,,,,Named character listed in the show's character database; detailed bio information should be verified from episode credits/recaps before writing a full biography.,,,,,,,,,3.0,Roster-level; verify before detailed bio,
TR-156,Stacy,,Recurring/Guest,,,,Named character listed in the show's character database; detailed bio information should be verified from episode credits/recaps before writing a full biography.,,,,,,,,,2.0,Roster-level; verify before detailed bio,
TR-157,Detective Jennifer Paige,,Recurring/Guest,,,,Named character listed in the show's character database; detailed bio information should be verified from episode credits/recaps before writing a full biography.,,,,,,,,,2.0,Roster-level; verify before detailed bio,
TR-158,Detective Sanford Motta,,Recurring/Guest,,,,Named character listed in the show's character database; detailed bio information should be verified from episode credits/recaps before writing a full biography.,,,,,,,,,2.0,Roster-level; verify before detailed bio,
TR-159,Doctor,,Recurring/Guest,,,,Named character listed in the show's character database; detailed bio information should be verified from episode credits/recaps before writing a full biography.,,,,,,,,,2.0,Roster-level; verify before detailed bio,"Unnamed/functional role - consider merging into a generic ""Medical/Support Staff"" entry rather than a standalone bio"
TR-160,Simon,,Recurring/Guest,,,,Named character listed in the show's character database; detailed bio information should be verified from episode credits/recaps before writing a full biography.,,,,,,,,,2.0,Roster-level; verify before detailed bio,
TR-161,Clerk,,Recurring/Guest,,,,Named character listed in the show's character database; detailed bio information should be verified from episode credits/recaps before writing a full biography.,,,,,,,,,2.0,Roster-level; verify before detailed bio,
TR-162,Kyle Montgomery,,Recurring/Guest,,,,Named character listed in the show's character database; detailed bio information should be verified from episode credits/recaps before writing a full biography.,,,,,,,,,2.0,Roster-level; verify before detailed bio,
TR-163,Marcus Vance,,Recurring/Guest,,,,Named character listed in the show's character database; detailed bio information should be verified from episode credits/recaps before writing a full biography.,,,,,,,,,2.0,Roster-level; verify before detailed bio,
TR-164,Pony,,Recurring/Guest,,,,Named character listed in the show's character database; detailed bio information should be verified from episode credits/recaps before writing a full biography.,,,,,,,,,2.0,Roster-level; verify before detailed bio,
TR-165,Carson Miller,,Recurring/Guest,,,,Named character listed in the show's character database; detailed bio information should be verified from episode credits/recaps before writing a full biography.,,,,,,,,,2.0,Roster-level; verify before detailed bio,
TR-166,Luke Moran,,Recurring/Guest,,,,Named character listed in the show's character database; detailed bio information should be verified from episode credits/recaps before writing a full biography.,,,,,,,,,2.0,Roster-level; verify before detailed bio,
TR-167,Elena Ruiz,,Recurring/Guest,,,,Named character listed in the show's character database; detailed bio information should be verified from episode credits/recaps before writing a full biography.,,,,,,,,,2.0,Roster-level; verify before detailed bio,
TR-168,Dr. Morgan,,Recurring/Guest,,,,Named character listed in the show's character database; detailed bio information should be verified from episode credits/recaps before writing a full biography.,,,,,,,,,2.0,Roster-level; verify before detailed bio,
TR-169,Vanessa Chen,,Recurring/Guest,,,,Named character listed in the show's character database; detailed bio information should be verified from episode credits/recaps before writing a full biography.,,,,,,,,,2.0,Roster-level; verify before detailed bio,
TR-170,Bianca Windle,,Recurring/Guest,,,,Named character listed in the show's character database; detailed bio information should be verified from episode credits/recaps before writing a full biography.,,,,,,,,,2.0,Roster-level; verify before detailed bio,
TR-171,Officer DeSantos,,Recurring/Guest,,,,Named character listed in the show's character database; detailed bio information should be verified from episode credits/recaps before writing a full biography.,,,,,,,,,4.0,Roster-level; verify before detailed bio,
TR-172,Sterling Freeman,,Recurring/Guest,,,,Named character listed in the show's character database; detailed bio information should be verified from episode credits/recaps before writing a full biography.,,,,,,,,,4.0,Roster-level; verify before detailed bio,
TR-173,Silas March,,Recurring/Guest,,,,Named character listed in the show's character database; detailed bio information should be verified from episode credits/recaps before writing a full biography.,,,,,,,,,4.0,Roster-level; verify before detailed bio,
TR-174,Officer Gil Webb,,Recurring/Guest,,,,Named character listed in the show's character database; detailed bio information should be verified from episode credits/recaps before writing a full biography.,,,,,,,,,4.0,Roster-level; verify before detailed bio,
TR-175,Teen,,Minor Guest,,,,Named character listed in the show's character database; detailed bio information should be verified from episode credits/recaps before writing a full biography.,,,,,,,,,1.0,Roster-level; verify before detailed bio,
TR-176,CHP Officer Ditka,,Minor Guest,,,,Named character listed in the show's character database; detailed bio information should be verified from episode credits/recaps before writing a full biography.,,,,,,,,,1.0,Roster-level; verify before detailed bio,
TR-177,Hector,,Minor Guest,,,,Named character listed in the show's character database; detailed bio information should be verified from episode credits/recaps before writing a full biography.,,,,,,,,,1.0,Roster-level; verify before detailed bio,
TR-178,Peter Askari,,Minor Guest,,,,Named character listed in the show's character database; detailed bio information should be verified from episode credits/recaps before writing a full biography.,,,,,,,,,1.0,Roster-level; verify before detailed bio,
TR-179,Graffiti Vandal,,Minor Guest,,,,Named character listed in the show's character database; detailed bio information should be verified from episode credits/recaps before writing a full biography.,,,,,,,,,1.0,Roster-level; verify before detailed bio,
TR-180,Antonio,,Minor Guest,,,,Named character listed in the show's character database; detailed bio information should be verified from episode credits/recaps before writing a full biography.,,,,,,,,,1.0,Roster-level; verify before detailed bio,
TR-181,Mr. Walker,,Minor Guest,,,,Named character listed in the show's character database; detailed bio information should be verified from episode credits/recaps before writing a full biography.,,,,,,,,,1.0,Roster-level; verify before detailed bio,
TR-182,Kid Friend #1,,Minor Guest,,,,Named character listed in the show's character database; detailed bio information should be verified from episode credits/recaps before writing a full biography.,,,,,,,,,1.0,Roster-level; verify before detailed bio,
TR-183,Kid Friend #2,,Minor Guest,,,,Named character listed in the show's character database; detailed bio information should be verified from episode credits/recaps before writing a full biography.,,,,,,,,,1.0,Roster-level; verify before detailed bio,
TR-184,Lawyer,,Minor Guest,,,,Named character listed in the show's character database; detailed bio information should be verified from episode credits/recaps before writing a full biography.,,,,,,,,,1.0,Roster-level; verify before detailed bio,
TR-185,Anna,,Minor Guest,,,,Named character listed in the show's character database; detailed bio information should be verified from episode credits/recaps before writing a full biography.,,,,,,,,,1.0,Roster-level; verify before detailed bio,
TR-186,Manager,,Minor Guest,,,,Named character listed in the show's character database; detailed bio information should be verified from episode credits/recaps before writing a full biography.,,,,,,,,,1.0,Roster-level; verify before detailed bio,
TR-187,DUI Driver,,Minor Guest,,,,Named character listed in the show's character database; detailed bio information should be verified from episode credits/recaps before writing a full biography.,,,,,,,,,1.0,Roster-level; verify before detailed bio,
TR-188,Swimming Boy,,Minor Guest,,,,Named character listed in the show's character database; detailed bio information should be verified from episode credits/recaps before writing a full biography.,,,,,,,,,1.0,Roster-level; verify before detailed bio,
TR-189,Lada,,Minor Guest,,,,Named character listed in the show's character database; detailed bio information should be verified from episode credits/recaps before writing a full biography.,,,,,,,,,1.0,Roster-level; verify before detailed bio,
TR-190,Gennadi,,Minor Guest,,,,Named character listed in the show's character database; detailed bio information should be verified from episode credits/recaps before writing a full biography.,,,,,,,,,1.0,Roster-level; verify before detailed bio,
TR-191,Jeffrey,,Minor Guest,,,,Named character listed in the show's character database; detailed bio information should be verified from episode credits/recaps before writing a full biography.,,,,,,,,,1.0,Roster-level; verify before detailed bio,
TR-192,Logan Hawke,,Minor Guest,,,,Named character listed in the show's character database; detailed bio information should be verified from episode credits/recaps before writing a full biography.,,,,,,,,,1.0,Roster-level; verify before detailed bio,
TR-193,Carlo,,Minor Guest,,,,Named character listed in the show's character database; detailed bio information should be verified from episode credits/recaps before writing a full biography.,,,,,,,,,1.0,Roster-level; verify before detailed bio,
TR-194,Ghost Head,,Minor Guest,,,,Named character listed in the show's character database; detailed bio information should be verified from episode credits/recaps before writing a full biography.,,,,,,,,,1.0,Roster-level; verify before detailed bio,
TR-195,Blaze,,Minor Guest,,,,Named character listed in the show's character database; detailed bio information should be verified from episode credits/recaps before writing a full biography.,,,,,,,,,1.0,Roster-level; verify before detailed bio,
TR-196,Lukas aka Unicorn Kid,,Minor Guest,,,,Named character listed in the show's character database; detailed bio information should be verified from episode credits/recaps before writing a full biography.,,,,,,,,,1.0,Roster-level; verify before detailed bio,
TR-197,Indigo,,Minor Guest,,,,Named character listed in the show's character database; detailed bio information should be verified from episode credits/recaps before writing a full biography.,,,,,,,,,1.0,Roster-level; verify before detailed bio,
TR-198,Gardener,,Minor Guest,,,,Named character listed in the show's character database; detailed bio information should be verified from episode credits/recaps before writing a full biography.,,,,,,,,,1.0,Roster-level; verify before detailed bio,
TR-199,Woman,,Minor Guest,,,,Named character listed in the show's character database; detailed bio information should be verified from episode credits/recaps before writing a full biography.,,,,,,,,,1.0,Roster-level; verify before detailed bio,
TR-200,Bride,,Minor Guest,,,,Named character listed in the show's character database; detailed bio information should be verified from episode credits/recaps before writing a full biography.,,,,,,,,,1.0,Roster-level; verify before detailed bio,
TR-201,Scott Wrigley,,Minor Guest,,,,Named character listed in the show's character database; detailed bio information should be verified from episode credits/recaps before writing a full biography.,,,,,,,,,1.0,Roster-level; verify before detailed bio,
TR-202,Christine Holbeck,,Minor Guest,,,,Named character listed in the show's character database; detailed bio information should be verified from episode credits/recaps before writing a full biography.,,,,,,,,,1.0,Roster-level; verify before detailed bio,
TR-203,Meth Addict,,Minor Guest,,,,Named character listed in the show's character database; detailed bio information should be verified from episode credits/recaps before writing a full biography.,,,,,,,,,1.0,Roster-level; verify before detailed bio,
TR-204,Prius Owner,,Minor Guest,,,,Named character listed in the show's character database; detailed bio information should be verified from episode credits/recaps before writing a full biography.,,,,,,,,,1.0,Roster-level; verify before detailed bio,
TR-205,Nurse,,Minor Guest,,,,Named character listed in the show's character database; detailed bio information should be verified from episode credits/recaps before writing a full biography.,,,,,,,,,1.0,Roster-level; verify before detailed bio,"Unnamed/functional role - consider merging into a generic ""Medical/Support Staff"" entry rather than a standalone bio"
TR-206,Officer Miller,,Minor Guest,,,,Named character listed in the show's character database; detailed bio information should be verified from episode credits/recaps before writing a full biography.,,,,,,,,,1.0,Roster-level; verify before detailed bio,
TR-207,Crockett,,Minor Guest,,,,Named character listed in the show's character database; detailed bio information should be verified from episode credits/recaps before writing a full biography.,,,,,,,,,1.0,Roster-level; verify before detailed bio,
TR-208,Emma Vasquez,,Minor Guest,,,,Named character listed in the show's character database; detailed bio information should be verified from episode credits/recaps before writing a full biography.,,,,,,,,,1.0,Roster-level; verify before detailed bio,
TR-209,Kurt Rubenovic,,Minor Guest,,,,Named character listed in the show's character database; detailed bio information should be verified from episode credits/recaps before writing a full biography.,,,,,,,,,1.0,Roster-level; verify before detailed bio,
TR-210,Gibber,,Minor Guest,,,,Named character listed in the show's character database; detailed bio information should be verified from episode credits/recaps before writing a full biography.,,,,,,,,,1.0,Roster-level; verify before detailed bio,
TR-211,Brenner Plank,,Minor Guest,,,,Named character listed in the show's character database; detailed bio information should be verified from episode credits/recaps before writing a full biography.,,,,,,,,,1.0,Roster-level; verify before detailed bio,
TR-212,Kai De Vera,,Minor Guest,,,,Named character listed in the show's character database; detailed bio information should be verified from episode credits/recaps before writing a full biography.,,,,,,,,,1.0,Roster-level; verify before detailed bio,
TR-213,Roman Ealy,,Minor Guest,,,,Named character listed in the show's character database; detailed bio information should be verified from episode credits/recaps before writing a full biography.,,,,,,,,,1.0,Roster-level; verify before detailed bio,
TR-214,Nancy Wu,,Minor Guest,,,,Named character listed in the show's character database; detailed bio information should be verified from episode credits/recaps before writing a full biography.,,,,,,,,,1.0,Roster-level; verify before detailed bio,
TR-215,Sue,,Minor Guest,,,,Named character listed in the show's character database; detailed bio information should be verified from episode credits/recaps before writing a full biography.,,,,,,,,,1.0,Roster-level; verify before detailed bio,
TR-216,Logan,,Minor Guest,,,,Named character listed in the show's character database; detailed bio information should be verified from episode credits/recaps before writing a full biography.,,,,,,,,,1.0,Roster-level; verify before detailed bio,
TR-217,Bank Manager,,Minor Guest,,,,Named character listed in the show's character database; detailed bio information should be verified from episode credits/recaps before writing a full biography.,,,,,,,,,1.0,Roster-level; verify before detailed bio,
TR-218,Chad,,Minor Guest,,,,Named character listed in the show's character database; detailed bio information should be verified from episode credits/recaps before writing a full biography.,,,,,,,,,1.0,Roster-level; verify before detailed bio,
TR-219,Sgt. Laubacher,,Minor Guest,,,,Named character listed in the show's character database; detailed bio information should be verified from episode credits/recaps before writing a full biography.,,,,,,,,,1.0,Roster-level; verify before detailed bio,
TR-220,Window Employee,,Minor Guest,,,,Named character listed in the show's character database; detailed bio information should be verified from episode credits/recaps before writing a full biography.,,,,,,,,,1.0,Roster-level; verify before detailed bio,
TR-221,Mutt,,Minor Guest,,,,Named character listed in the show's character database; detailed bio information should be verified from episode credits/recaps before writing a full biography.,,,,,,,,,1.0,Roster-level; verify before detailed bio,
TR-222,Nestor Garcia,,Minor Guest,,,,Named character listed in the show's character database; detailed bio information should be verified from episode credits/recaps before writing a full biography.,,,,,,,,,1.0,Roster-level; verify before detailed bio,
TR-223,Wallace,,Minor Guest,,,,Named character listed in the show's character database; detailed bio information should be verified from episode credits/recaps before writing a full biography.,,,,,,,,,1.0,Roster-level; verify before detailed bio,
TR-224,Sarah,,Minor Guest,,,,Named character listed in the show's character database; detailed bio information should be verified from episode credits/recaps before writing a full biography.,,,,,,,,,1.0,Roster-level; verify before detailed bio,
TR-225,Detective Singh,,Minor Guest,,,,Named character listed in the show's character database; detailed bio information should be verified from episode credits/recaps before writing a full biography.,,,,,,,,,1.0,Roster-level; verify before detailed bio,
TR-226,Clyde,,Minor Guest,,,,Named character listed in the show's character database; detailed bio information should be verified from episode credits/recaps before writing a full biography.,,,,,,,,,1.0,Roster-level; verify before detailed bio,
TR-227,Alice,,Minor Guest,,,,Named character listed in the show's character database; detailed bio information should be verified from episode credits/recaps before writing a full biography.,,,,,,,,,1.0,Roster-level; verify before detailed bio,
TR-228,Marco,,Minor Guest,,,,Named character listed in the show's character database; detailed bio information should be verified from episode credits/recaps before writing a full biography.,,,,,,,,,1.0,Roster-level; verify before detailed bio,
TR-229,Everett York,,Minor Guest,,,,Named character listed in the show's character database; detailed bio information should be verified from episode credits/recaps before writing a full biography.,,,,,,,,,1.0,Roster-level; verify before detailed bio,
TR-230,Camper Dad,,Minor Guest,,,,Named character listed in the show's character database; detailed bio information should be verified from episode credits/recaps before writing a full biography.,,,,,,,,,1.0,Roster-level; verify before detailed bio,
TR-231,Old Cop,,Minor Guest,,,,Named character listed in the show's character database; detailed bio information should be verified from episode credits/recaps before writing a full biography.,,,,,,,,,1.0,Roster-level; verify before detailed bio,
TR-232,Bartender,,Minor Guest,,,,Named character listed in the show's character database; detailed bio information should be verified from episode credits/recaps before writing a full biography.,,,,,,,,,1.0,Roster-level; verify before detailed bio,
TR-233,Security Guard,,Minor Guest,,,,Named character listed in the show's character database; detailed bio information should be verified from episode credits/recaps before writing a full biography.,,,,,,,,,1.0,Roster-level; verify before detailed bio,
TR-234,Jeremy Hawke,,Minor Guest,,,,Named character listed in the show's character database; detailed bio information should be verified from episode credits/recaps before writing a full biography.,,,,,,,,,1.0,Roster-level; verify before detailed bio,
TR-235,Mrs. Mitchell,,Minor Guest,,,,Named character listed in the show's character database; detailed bio information should be verified from episode credits/recaps before writing a full biography.,,,,,,,,,1.0,Roster-level; verify before detailed bio,
TR-236,"Campbell, Sr.",,Minor Guest,,,,Named character listed in the show's character database; detailed bio information should be verified from episode credits/recaps before writing a full biography.,,,,,,,,,1.0,Roster-level; verify before detailed bio,
TR-237,"Campbell, Jr.",,Minor Guest,,,,Named character listed in the show's character database; detailed bio information should be verified from episode credits/recaps before writing a full biography.,,,,,,,,,1.0,Roster-level; verify before detailed bio,
TR-238,Homicide Witness,,Minor Guest,,,,Named character listed in the show's character database; detailed bio information should be verified from episode credits/recaps before writing a full biography.,,,,,,,,,1.0,Roster-level; verify before detailed bio,
TR-239,Rupert Payne,,Minor Guest,,,,Named character listed in the show's character database; detailed bio information should be verified from episode credits/recaps before writing a full biography.,,,,,,,,,1.0,Roster-level; verify before detailed bio,
TR-240,Officer Patton,,Minor Guest,,,,Named character listed in the show's character database; detailed bio information should be verified from episode credits/recaps before writing a full biography.,,,,,,,,,1.0,Roster-level; verify before detailed bio,
TR-241,Porsche Guy,,Minor Guest,,,,Named character listed in the show's character database; detailed bio information should be verified from episode credits/recaps before writing a full biography.,,,,,,,,,1.0,Roster-level; verify before detailed bio,
TR-242,The Jason,,Minor Guest,,,,Named character listed in the show's character database; detailed bio information should be verified from episode credits/recaps before writing a full biography.,,,,,,,,,1.0,Roster-level; verify before detailed bio,
TR-243,Chuy,,Minor Guest,,,,Named character listed in the show's character database; detailed bio information should be verified from episode credits/recaps before writing a full biography.,,,,,,,,,1.0,Roster-level; verify before detailed bio,
TR-244,Security,,Minor Guest,,,,Named character listed in the show's character database; detailed bio information should be verified from episode credits/recaps before writing a full biography.,,,,,,,,,1.0,Roster-level; verify before detailed bio,
TR-245,Tiffany,,Minor Guest,,,,Named character listed in the show's character database; detailed bio information should be verified from episode credits/recaps before writing a full biography.,,,,,,,,,1.0,Roster-level; verify before detailed bio,
TR-246,Rajon,,Minor Guest,,,,Named character listed in the show's character database; detailed bio information should be verified from episode credits/recaps before writing a full biography.,,,,,,,,,1.0,Roster-level; verify before detailed bio,
TR-247,Malcolm,,Minor Guest,,,,Named character listed in the show's character database; detailed bio information should be verified from episode credits/recaps before writing a full biography.,,,,,,,,,1.0,Roster-level; verify before detailed bio,
TR-248,Mrs. Parks,,Minor Guest,,,,Named character listed in the show's character database; detailed bio information should be verified from episode credits/recaps before writing a full biography.,,,,,,,,,1.0,Roster-level; verify before detailed bio,
TR-249,Tyson Parks,,Minor Guest,,,,Named character listed in the show's character database; detailed bio information should be verified from episode credits/recaps before writing a full biography.,,,,,,,,,1.0,Roster-level; verify before detailed bio,
TR-250,Alex Montgomery,,Minor Guest,,,,Named character listed in the show's character database; detailed bio information should be verified from episode credits/recaps before writing a full biography.,,,,,,,,,1.0,Roster-level; verify before detailed bio,
TR-251,Annie,,Minor Guest,,,,Named character listed in the show's character database; detailed bio information should be verified from episode credits/recaps before writing a full biography.,,,,,,,,,1.0,Roster-level; verify before detailed bio,
TR-252,Ricky,,Minor Guest,,,,Named character listed in the show's character database; detailed bio information should be verified from episode credits/recaps before writing a full biography.,,,,,,,,,1.0,Roster-level; verify before detailed bio,
TR-253,Processing Sergeant,,Minor Guest,,,,Named character listed in the show's character database; detailed bio information should be verified from episode credits/recaps before writing a full biography.,,,,,,,,,1.0,Roster-level; verify before detailed bio,
TR-254,Random Farrel,,Minor Guest,,,,Named character listed in the show's character database; detailed bio information should be verified from episode credits/recaps before writing a full biography.,,,,,,,,,1.0,Roster-level; verify before detailed bio,
TR-255,IA Detective,,Minor Guest,,,,Named character listed in the show's character database; detailed bio information should be verified from episode credits/recaps before writing a full biography.,,,,,,,,,1.0,Roster-level; verify before detailed bio,
TR-256,Simon Paige,,Minor Guest,,,,Named character listed in the show's character database; detailed bio information should be verified from episode credits/recaps before writing a full biography.,,,,,,,,,1.0,Roster-level; verify before detailed bio,
TR-257,Airport Officer Holcomb,,Minor Guest,,,,Named character listed in the show's character database; detailed bio information should be verified from episode credits/recaps before writing a full biography.,,,,,,,,,1.0,Roster-level; verify before detailed bio,
TR-258,Ruth,,Minor Guest,,,,Named character listed in the show's character database; detailed bio information should be verified from episode credits/recaps before writing a full biography.,,,,,,,,,1.0,Roster-level; verify before detailed bio,
TR-259,Agent Phoenix Danvers,,Minor Guest,,,,Named character listed in the show's character database; detailed bio information should be verified from episode credits/recaps before writing a full biography.,,,,,,,,,1.0,Roster-level; verify before detailed bio,
TR-260,Stanley Knott,,Minor Guest,,,,Named character listed in the show's character database; detailed bio information should be verified from episode credits/recaps before writing a full biography.,,,,,,,,,1.0,Roster-level; verify before detailed bio,
TR-261,Wendell,,Minor Guest,,,,Named character listed in the show's character database; detailed bio information should be verified from episode credits/recaps before writing a full biography.,,,,,,,,,1.0,Roster-level; verify before detailed bio,
TR-262,Flawless,,Minor Guest,,,,Named character listed in the show's character database; detailed bio information should be verified from episode credits/recaps before writing a full biography.,,,,,,,,,1.0,Roster-level; verify before detailed bio,
TR-263,Paramedic,,Minor Guest,,,,Named character listed in the show's character database; detailed bio information should be verified from episode credits/recaps before writing a full biography.,,,,,,,,,1.0,Roster-level; verify before detailed bio,"Unnamed/functional role - consider merging into a generic ""Medical/Support Staff"" entry rather than a standalone bio"
TR-264,Connolly,,Minor Guest,,,,Named character listed in the show's character database; detailed bio information should be verified from episode credits/recaps before writing a full biography.,,,,,,,,,1.0,Roster-level; verify before detailed bio,
TR-265,Cesiah Olivo,,Minor Guest,,,,Named character listed in the show's character database; detailed bio information should be verified from episode credits/recaps before writing a full biography.,,,,,,,,,1.0,Roster-level; verify before detailed bio,
TR-266,Tenant #1,,Minor Guest,,,,Named character listed in the show's character database; detailed bio information should be verified from episode credits/recaps before writing a full biography.,,,,,,,,,1.0,Roster-level; verify before detailed bio,
TR-267,Officer Yamada,,Minor Guest,,,,Named character listed in the show's character database; detailed bio information should be verified from episode credits/recaps before writing a full biography.,,,,,,,,,1.0,Roster-level; verify before detailed bio,
TR-268,Jeff Turner,,Minor Guest,,,,Named character listed in the show's character database; detailed bio information should be verified from episode credits/recaps before writing a full biography.,,,,,,,,,1.0,Roster-level; verify before detailed bio,
TR-269,Wendell's Mom,,Minor Guest,,,,Named character listed in the show's character database; detailed bio information should be verified from episode credits/recaps before writing a full biography.,,,,,,,,,1.0,Roster-level; verify before detailed bio,
TR-270,Javier,,Minor Guest,,,,Named character listed in the show's character database; detailed bio information should be verified from episode credits/recaps before writing a full biography.,,,,,,,,,1.0,Roster-level; verify before detailed bio,
TR-271,Margaret,,Minor Guest,,,,Named character listed in the show's character database; detailed bio information should be verified from episode credits/recaps before writing a full biography.,,,,,,,,,1.0,Roster-level; verify before detailed bio,
TR-272,Russell,,Minor Guest,,,,Named character listed in the show's character database; detailed bio information should be verified from episode credits/recaps before writing a full biography.,,,,,,,,,1.0,Roster-level; verify before detailed bio,
TR-273,Bryce,,Minor Guest,,,,Named character listed in the show's character database; detailed bio information should be verified from episode credits/recaps before writing a full biography.,,,,,,,,,1.0,Roster-level; verify before detailed bio,
TR-274,Crater Street House Father,,Minor Guest,,,,Named character listed in the show's character database; detailed bio information should be verified from episode credits/recaps before writing a full biography.,,,,,,,,,1.0,Roster-level; verify before detailed bio,
TR-275,Neighbor Scarlett,,Minor Guest,,,,Named character listed in the show's character database; detailed bio information should be verified from episode credits/recaps before writing a full biography.,,,,,,,,,1.0,Roster-level; verify before detailed bio,
TR-276,Green Shirt,,Minor Guest,,,,Named character listed in the show's character database; detailed bio information should be verified from episode credits/recaps before writing a full biography.,,,,,,,,,1.0,Roster-level; verify before detailed bio,
TR-277,White Tank,,Minor Guest,,,,Named character listed in the show's character database; detailed bio information should be verified from episode credits/recaps before writing a full biography.,,,,,,,,,1.0,Roster-level; verify before detailed bio,
TR-278,Ex-Con,,Minor Guest,,,,Named character listed in the show's character database; detailed bio information should be verified from episode credits/recaps before writing a full biography.,,,,,,,,,1.0,Roster-level; verify before detailed bio,
TR-279,Elderly Woman,,Minor Guest,,,,Named character listed in the show's character database; detailed bio information should be verified from episode credits/recaps before writing a full biography.,,,,,,,,,1.0,Roster-level; verify before detailed bio,
TR-280,Dariush Ghorbani,,Minor Guest,,,,Named character listed in the show's character database; detailed bio information should be verified from episode credits/recaps before writing a full biography.,,,,,,,,,1.0,Roster-level; verify before detailed bio,
TR-281,Mehrnaz Ghorbani,,Minor Guest,,,,Named character listed in the show's character database; detailed bio information should be verified from episode credits/recaps before writing a full biography.,,,,,,,,,1.0,Roster-level; verify before detailed bio,
TR-282,Rob,,Minor Guest,,,,Named character listed in the show's character database; detailed bio information should be verified from episode credits/recaps before writing a full biography.,,,,,,,,,1.0,Roster-level; verify before detailed bio,
TR-283,Donny,,Minor Guest,,,,Named character listed in the show's character database; detailed bio information should be verified from episode credits/recaps before writing a full biography.,,,,,,,,,1.0,Roster-level; verify before detailed bio,
TR-284,Praveen,,Minor Guest,,,,Named character listed in the show's character database; detailed bio information should be verified from episode credits/recaps before writing a full biography.,,,,,,,,,1.0,Roster-level; verify before detailed bio,
TR-285,Freddy,,Minor Guest,,,,Named character listed in the show's character database; detailed bio information should be verified from episode credits/recaps before writing a full biography.,,,,,,,,,1.0,Roster-level; verify before detailed bio,
TR-286,Rachel,,Minor Guest,,,,Named character listed in the show's character database; detailed bio information should be verified from episode credits/recaps before writing a full biography.,,,,,,,,,1.0,Roster-level; verify before detailed bio,
TR-287,Alma,,Minor Guest,,,,Named character listed in the show's character database; detailed bio information should be verified from episode credits/recaps before writing a full biography.,,,,,,,,,1.0,Roster-level; verify before detailed bio,
TR-288,Dr. Haddad,,Minor Guest,,,,Named character listed in the show's character database; detailed bio information should be verified from episode credits/recaps before writing a full biography.,,,,,,,,,1.0,Roster-level; verify before detailed bio,
TR-289,Broke Tennant,,Minor Guest,,,,Named character listed in the show's character database; detailed bio information should be verified from episode credits/recaps before writing a full biography.,,,,,,,,,1.0,Roster-level; verify before detailed bio,
TR-290,Illegal Subletter,,Minor Guest,,,,Named character listed in the show's character database; detailed bio information should be verified from episode credits/recaps before writing a full biography.,,,,,,,,,1.0,Roster-level; verify before detailed bio,
TR-291,Protestor #1,,Minor Guest,,,,Named character listed in the show's character database; detailed bio information should be verified from episode credits/recaps before writing a full biography.,,,,,,,,,1.0,Roster-level; verify before detailed bio,
TR-292,Arnold,,Minor Guest,,,,Named character listed in the show's character database; detailed bio information should be verified from episode credits/recaps before writing a full biography.,,,,,,,,,1.0,Roster-level; verify before detailed bio,
TR-293,Donna,,Minor Guest,,,,Named character listed in the show's character database; detailed bio information should be verified from episode credits/recaps before writing a full biography.,,,,,,,,,1.0,Roster-level; verify before detailed bio,
TR-294,Jaclyn,,Minor Guest,,,,Named character listed in the show's character database; detailed bio information should be verified from episode credits/recaps before writing a full biography.,,,,,,,,,1.0,Roster-level; verify before detailed bio,
TR-295,Denise,,Minor Guest,,,,Named character listed in the show's character database; detailed bio information should be verified from episode credits/recaps before writing a full biography.,,,,,,,,,1.0,Roster-level; verify before detailed bio,
TR-296,Kevin Scott,,Minor Guest,,,,Named character listed in the show's character database; detailed bio information should be verified from episode credits/recaps before writing a full biography.,,,,,,,,,1.0,Roster-level; verify before detailed bio,
TR-297,Guy Looking for a Hooker,,Minor Guest,,,,Named character listed in the show's character database; detailed bio information should be verified from episode credits/recaps before writing a full biography.,,,,,,,,,1.0,Roster-level; verify before detailed bio,
TR-298,Clothed Man,,Minor Guest,,,,Named character listed in the show's character database; detailed bio information should be verified from episode credits/recaps before writing a full biography.,,,,,,,,,1.0,Roster-level; verify before detailed bio,
TR-299,Naked Runner,,Minor Guest,,,,Named character listed in the show's character database; detailed bio information should be verified from episode credits/recaps before writing a full biography.,,,,,,,,,1.0,Roster-level; verify before detailed bio,
TR-300,Drunk Man,,Minor Guest,,,,Named character listed in the show's character database; detailed bio information should be verified from episode credits/recaps before writing a full biography.,,,,,,,,,1.0,Roster-level; verify before detailed bio,
TR-301,Franco DeSantis,,Minor Guest,,,,Named character listed in the show's character database; detailed bio information should be verified from episode credits/recaps before writing a full biography.,,,,,,,,,1.0,Roster-level; verify before detailed bio,
TR-302,Robert Ortiz,,Minor Guest,,,,Named character listed in the show's character database; detailed bio information should be verified from episode credits/recaps before writing a full biography.,,,,,,,,,1.0,Roster-level; verify before detailed bio,
TR-303,Abby,,Minor Guest,,,,Named character listed in the show's character database; detailed bio information should be verified from episode credits/recaps before writing a full biography.,,,,,,,,,1.0,Roster-level; verify before detailed bio,
TR-304,Marilyn Tenni,,Minor Guest,,,,Named character listed in the show's character database; detailed bio information should be verified from episode credits/recaps before writing a full biography.,,,,,,,,,1.0,Roster-level; verify before detailed bio,
TR-305,Susan,,Minor Guest,,,,Named character listed in the show's character database; detailed bio information should be verified from episode credits/recaps before writing a full biography.,,,,,,,,,1.0,Roster-level; verify before detailed bio,
TR-306,Dog Owner,,Minor Guest,,,,Named character listed in the show's character database; detailed bio information should be verified from episode credits/recaps before writing a full biography.,,,,,,,,,1.0,Roster-level; verify before detailed bio,
TR-307,Bruce,,Minor Guest,,,,Named character listed in the show's character database; detailed bio information should be verified from episode credits/recaps before writing a full biography.,,,,,,,,,1.0,Roster-level; verify before detailed bio,
TR-308,Officer Williams,,Minor Guest,,,,Named character listed in the show's character database; detailed bio information should be verified from episode credits/recaps before writing a full biography.,,,,,,,,,1.0,Roster-level; verify before detailed bio,
TR-309,Polygraph Technician,,Minor Guest,,,,Named character listed in the show's character database; detailed bio information should be verified from episode credits/recaps before writing a full biography.,,,,,,,,,1.0,Roster-level; verify before detailed bio,
TR-310,Navarro,,Minor Guest,,,,Named character listed in the show's character database; detailed bio information should be verified from episode credits/recaps before writing a full biography.,,,,,,,,,1.0,Roster-level; verify before detailed bio,
TR-311,Miguel,,Minor Guest,,,,Named character listed in the show's character database; detailed bio information should be verified from episode credits/recaps before writing a full biography.,,,,,,,,,1.0,Roster-level; verify before detailed bio,
TR-312,Andres,,Minor Guest,,,,Named character listed in the show's character database; detailed bio information should be verified from episode credits/recaps before writing a full biography.,,,,,,,,,1.0,Roster-level; verify before detailed bio,
TR-313,Todd Collins,,Minor Guest,,,,Named character listed in the show's character database; detailed bio information should be verified from episode credits/recaps before writing a full biography.,,,,,,,,,1.0,Roster-level; verify before detailed bio,
TR-314,Emma,,Minor Guest,,,,Named character listed in the show's character database; detailed bio information should be verified from episode credits/recaps before writing a full biography.,,,,,,,,,1.0,Roster-level; verify before detailed bio,
TR-315,Krissy,,Minor Guest,,,,Named character listed in the show's character database; detailed bio information should be verified from episode credits/recaps before writing a full biography.,,,,,,,,,1.0,Roster-level; verify before detailed bio,
TR-316,Ruby,,Minor Guest,,,,Named character listed in the show's character database; detailed bio information should be verified from episode credits/recaps before writing a full biography.,,,,,,,,,1.0,Roster-level; verify before detailed bio,
TR-317,Motel Manager,,Minor Guest,,,,Named character listed in the show's character database; detailed bio information should be verified from episode credits/recaps before writing a full biography.,,,,,,,,,1.0,Roster-level; verify before detailed bio,
TR-318,Dillon,,Minor Guest,,,,Named character listed in the show's character database; detailed bio information should be verified from episode credits/recaps before writing a full biography.,,,,,,,,,1.0,Roster-level; verify before detailed bio,
TR-319,Fitz,,Minor Guest,,,,Named character listed in the show's character database; detailed bio information should be verified from episode credits/recaps before writing a full biography.,,,,,,,,,1.0,Roster-level; verify before detailed bio,
TR-320,Rollo,,Minor Guest,,,,Named character listed in the show's character database; detailed bio information should be verified from episode credits/recaps before writing a full biography.,,,,,,,,,1.0,Roster-level; verify before detailed bio,
TR-321,Rodney Acker,,Minor Guest,,,,Named character listed in the show's character database; detailed bio information should be verified from episode credits/recaps before writing a full biography.,,,,,,,,,1.0,Roster-level; verify before detailed bio,
